country,category,year,estimate,lower,upper,source_count,effective_sources,disagreement_cv,range_ratio,conflict,outliers
DE,Excavators,2023,20186.38246628131,8490.985035869857,31881.779896692762,5,3.988901134084096,0.15017357608572712,0.6386094626400162,False,1
DE,Excavators,2024,20389.66281310212,8166.212979601687,32613.112646602553,5,3.988901134084096,0.1668504540640507,0.7077807214711187,False,1
DE,Excavators,2025,21175.669556840083,7065.095778583831,35286.24333509633,5,3.988901134084096,0.21081456305942217,0.8953339029447934,True,1
DE,Forklifts,2023,32853.887283237,17186.690283761513,48521.084282712494,5,3.988901134084096,0.09601158378333835,0.3160516608433003,False,0
DE,Forklifts,2024,34207.24951830444,16755.194512685164,51659.30452392371,5,3.988901134084096,0.09983157318207364,0.40502548107219,False,1
DE,Forklifts,2025,35274.43641618498,19361.31123018774,51187.56160218222,5,3.988901134084096,0.048566949808209164,0.19440060541195275,False,0
DE,Generators,2023,24991.266859344898,13751.55005211124,36230.983666578555,5,3.988901134084096,0.0480210174420039,0.12018285412779298,False,0
DE,Generators,2024,26042.297687861275,13976.244643463055,38108.350732259496,5,3.988901134084096,0.04823064321941418,0.2006769835069395,False,0
DE,Generators,2025,27902.755298651256,14954.205993108699,40851.304604193814,5,3.988901134084096,0.04072360391850202,0.12663026627711305,False,0
DE,Wheel loaders,2023,40602.654142581894,22254.47593185959,58950.8323533042,5,3.988901134084096,0.058143405778162946,0.2579012278902336,False,1
DE,Wheel loaders,2024,40571.045279383434,22290.37222843286,58851.718330334006,5,3.988901134084096,0.015528427453880842,0.05396516313163995,False,0
DE,Wheel loaders,2025,42079.104046242785,22307.77358729034,61850.434505195226,5,3.988901134084096,0.07642336274960934,0.25725662298398627,False,0
FR,Excavators,2023,29110.86223506744,15602.239137619761,42619.48533251512,5,3.988901134084096,0.042633101664867126,0.13585333407073263,False,0
FR,Excavators,2024,27730.385356454724,15276.881180645638,40183.88953226381,5,3.988901134084096,0.04431119383722569,0.10000305537169177,False,0
FR,Excavators,2025,29322.210982658966,16249.60391435494,42394.81805096299,5,3.988901134084096,0.04551055679210928,0.11082655019095701,False,0
FR,Forklifts,2023,48915.183044316,26759.38221364663,71070.98387498537,5,3.988901134084096,0.030337484359150818,0.08073629747338087,False,0
FR,Forklifts,2024,49756.20905587669,27174.106442569897,72338.31166918347,5,3.988901134084096,0.05381564842788946,0.17830528169523058,False,0
FR,Forklifts,2025,48864.0077071291,26583.816553631717,71144.1988606265,5,3.988901134084096,0.07002013727434284,0.32206076058070615,False,1
FR,Generators,2023,38056.907514450875,20501.41205410375,55612.402974798,5,3.988901134084096,0.045812053522513746,0.18808876996531773,False,0
FR,Generators,2024,39633.37186897881,21990.91265570641,57275.83108225121,5,3.988901134084096,0.03830619082242097,0.14197437188853682,False,0
FR,Generators,2025,41815.65992292872,22668.914160777065,60962.40568508037,5,3.988901134084096,0.030571444215989688,0.09270824934130344,False,0
FR,Wheel loaders,2023,58398.68015414259,31901.69280290172,84895.66750538346,5,3.988901134084096,0.022449246860249447,0.08179847668328204,False,0
FR,Wheel loaders,2024,60513.501926782286,32602.97029911792,88424.03355444665,5,3.988901134084096,0.06314830103185955,0.16952987064372407,False,0
FR,Wheel loaders,2025,62840.07707129096,34378.06321763491,91302.090924947,5,3.988901134084096,0.025854469801888182,0.06411880693048283,False,0
GB,Excavators,2023,47262.67822736032,25654.02749947831,68871.32895524232,5,3.988901134084096,0.061070491094640064,0.28352180838204694,False,0
GB,Excavators,2024,46760.69845857419,25688.610916731606,67832.78600041677,5,3.988901134084096,0.044720261073506115,0.148119127268593,False,0
GB,Excavators,2025,49394.90366088633,25827.169110947525,72962.63821082514,5,3.988901134084096,0.06035739936828566,0.2225003755617692,False,1
GB,Forklifts,2023,76099.7928709056,39674.6926135931,112524.8931282181,5,3.988901134084096,0.07910237119180231,0.3013713179311833,False,0
GB,Forklifts,2024,83042.90944123315,44882.06807765458,121203.75080481172,5,3.988901134084096,0.04868702838814302,0.13976401277972736,False,0
GB,Forklifts,2025,84404.90366088634,46265.475889470305,122544.33143230237,5,3.988901134084096,0.024891605514764395,0.06056401566264049,False,0
GB,Generators,2023,64759.98554913296,35113.677369146484,94406.29372911944,5,3.988901134084096,0.03150221658356883,0.09756440149257918,False,0
GB,Generators,2024,65480.50578034682,35614.16788698495,95346.8436737087,5,3.988901134084096,0.043861731822882444,0.1418752648876514,False,0
GB,Generators,2025,66136.72447013488,36131.254766769736,96142.19417350003,5,3.988901134084096,0.027089560097805863,0.07845053682397703,False,0
GB,Wheel loaders,2023,100342.88053949905,55150.91653805733,145534.84454094077,5,3.988901134084096,0.014880869742704578,0.06077239252341859,False,0
GB,Wheel loaders,2024,97292.66377649328,52109.03394425616,142476.2936087304,5,3.988901134084096,0.06047159617258055,0.1947916126063944,False,0
GB,Wheel loaders,2025,107029.78805394992,58921.43375075751,155138.14235714232,5,3.988901134084096,0.029745595924253528,0.08938321602435066,False,0
PL,Excavators,2023,38889.65799614644,20920.132744276318,56859.18324801656,5,3.988901134084096,0.05285222262634568,0.12345055732134531,False,0
PL,Excavators,2024,37692.562620423894,20855.78902971701,54529.33621113078,5,3.988901134084096,0.02852121288730551,0.08091101739235602,False,0
PL,Excavators,2025,39320.26493256262,21188.449358487003,57452.08050663823,5,3.988901134084096,0.03613100595565849,0.1377331800152796,False,0
PL,Forklifts,2023,63898.2851637765,35213.775135971955,92582.79519158104,5,3.988901134084096,0.022693680423890396,0.06834178829260126,False,0
PL,Forklifts,2024,66027.05684007707,35865.07586848233,96189.03781167182,5,3.988901134084096,0.03431606556218105,0.12228378558648237,False,0
PL,Forklifts,2025,67417.93352601158,37503.77657607995,97332.0904759432,5,3.988901134084096,0.04231524828555253,0.1792064831617735,False,0
PL,Generators,2023,51467.923892100196,28235.36526285921,74700.48252134118,5,3.988901134084096,0.05614282320547875,0.190411101934273,False,0
PL,Generators,2024,53026.748554913305,28603.55544082436,77449.94166900225,5,3.988901134084096,0.04065212892588363,0.182074291851204,False,0
PL,Generators,2025,53146.8400770713,29624.589583937097,76669.0905702055,5,3.988901134084096,0.03832127727658099,0.13747242336521254,False,0
PL,Wheel loaders,2023,77982.85645472063,43167.962405629325,112797.75050381194,5,3.988901134084096,0.055971293750854786,0.23603889388400212,False,1
PL,Wheel loaders,2024,81111.1464354528,44953.66937837996,117268.62349252564,5,3.988901134084096,0.03417079607165334,0.11580342691153418,False,0
PL,Wheel loaders,2025,80049.22447013488,43382.67842801474,116715.77051225503,5,3.988901134084096,0.04932728785844057,0.14838225721744597,False,0
SE,Excavators,2023,9953.47302504817,5324.43158140354,14582.5144686928,5,3.988901134084096,0.06294458299869964,0.20270594997854455,False,0
SE,Excavators,2024,10064.161849710985,5568.587209065342,14559.736490356627,5,3.988901134084096,0.019959557232764012,0.0585983809233479,False,0
SE,Excavators,2025,10889.710982658962,5999.319013752345,15780.10295156558,5,3.988901134084096,0.023706263463014868,0.06906072009154934,False,0
SE,Forklifts,2023,17201.85934489403,9545.400936707347,24858.317753080715,5,3.988901134084096,0.03904919795122188,0.1706509024202757,False,0
SE,Forklifts,2024,18151.950867052026,9958.637980955798,26345.263753148254,5,3.988901134084096,0.020938655312907832,0.055002211233925756,False,0
SE,Forklifts,2025,17364.436416184973,9626.990126844745,25101.882705525204,5,3.988901134084096,0.05781926103855421,0.1955256264192791,False,0
SE,Generators,2023,13737.350674373798,7585.072848403739,19889.628500343857,5,3.988901134084096,0.018422419503183206,0.05926197732006826,False,0
SE,Generators,2024,14280.8140655106,7852.030874092092,20709.597256929108,5,3.988901134084096,0.015986999727139954,0.07036067325702326,False,0
SE,Generators,2025,14032.129094412332,7798.038280926343,20266.21990789832,5,3.988901134084096,0.03286499432092758,0.0876381452899887,False,0
SE,Wheel loaders,2023,21813.607899807324,11865.751044371447,31761.4647552432,5,3.988901134084096,0.04999620859872711,0.1680907937608549,False,0
SE,Wheel loaders,2024,20912.18208092486,11448.186265047078,30376.17789680264,5,3.988901134084096,0.04412457077476663,0.13906751179533106,False,0
SE,Wheel loaders,2025,21912.793834296725,12019.909759753942,31805.677908839505,5,3.988901134084096,0.048067393582953546,0.16651085098090818,False,0
US,Excavators,2023,56536.6907514451,30378.52297345932,82694.85852943089,5,3.988901134084096,0.043728567377922946,0.10875219720613306,False,0
US,Excavators,2024,55584.52793834297,30760.076715408642,80408.9791612773,5,3.988901134084096,0.027530651199743385,0.07852904687509207,False,0
US,Excavators,2025,57057.851637764936,31587.530856074092,82528.17241945578,5,3.988901134084096,0.025084201968698035,0.07633952393479655,False,0
US,Forklifts,2023,93084.87475915221,51569.579024080806,134600.17049422362,5,3.988901134084096,0.05112175608226766,0.15501895142525385,False,0
US,Forklifts,2024,93473.85356454723,50910.92794209337,136036.77918700108,5,3.988901134084096,0.08593207472201714,0.3214974592328221,False,0
US,Forklifts,2025,100157.82273603085,54843.87227570873,145471.77319635297,5,3.988901134084096,0.028195231461652415,0.08510158778165465,False,0
US,Generators,2023,77352.02312138729,41485.30280393426,113218.74343884032,5,3.988901134084096,0.046941307916636504,0.19854949500291355,False,0
US,Generators,2024,80151.21868978807,42159.132227725226,118143.30515185092,5,3.988901134084096,0.06997515281542752,0.2008559123243533,False,0
US,Generators,2025,79307.85163776495,43053.22937748882,115562.47389804109,5,3.988901134084096,0.028957967269677285,0.12648697511348914,False,0
US,Wheel loaders,2023,116540.86223506747,63234.50516148223,169847.2193086527,5,3.988901134084096,0.04685896889244509,0.17649526408103927,False,0
US,Wheel loaders,2024,119246.15606936417,66143.828952302,172348.48318642634,5,3.988901134084096,0.011531095524634225,0.04670902592140454,False,0
US,Wheel loaders,2025,126398.89691714838,67580.6408188208,185217.15301547595,5,3.988901134084096,0.041284668367492006,0.17011826502150007,False,0
