country,category,cohort_year,units,age,survival_probability,estimated_survivors
SE,Excavators,2025,636,0,1.0,636.0
SE,Excavators,2024,730,1,0.9955654174830928,726.7627547626578
SE,Excavators,2023,590,2,0.9823793146181776,579.6037956247249
SE,Excavators,2022,808,3,0.9607894391523232,776.3178668350771
SE,Excavators,2021,752,4,0.931358402111352,700.3815183877367
SE,Excavators,2020,788,5,0.8948393168143698,705.1333816497234
SE,Excavators,2019,673,6,0.8521437889662113,573.4927699742602
SE,Excavators,2018,849,7,0.8043041560655723,682.8542284996709
SE,Excavators,2017,827,8,0.7524321560893033,622.2613930858538
SE,Excavators,2016,794,9,0.697676326071031,553.9550029003987
SE,Excavators,2015,627,10,0.6411803884299546,402.02010354558155
SE,Excavators,2014,705,11,0.5840446884413829,411.75150535117496
SE,Excavators,2013,584,12,0.5272924240430485,307.93877564114035
SE,Excavators,2012,616,13,0.47184199249207454,290.6546673751179
SE,Excavators,2011,767,14,0.4184863060425645,320.97899673464696
SE,Excavators,2010,784,15,0.36787944117144233,288.4174818784108
SE,Excavators,2009,848,16,0.32053052101554125,271.809881821179
SE,Excavators,2008,665,17,0.2768043211015564,184.074873532535
SE,Excavators,2007,677,18,0.23692775868212176,160.40009262779643
SE,Excavators,2006,706,19,0.2010011912257319,141.90684100536672
SE,Excavators,2005,626,20,0.1690133154060661,105.80233544419738
SE,Excavators,2004,609,21,0.14085842092104503,85.78277834091642
SE,Excavators,2003,707,22,0.1163548028087039,82.26284558575365
SE,Excavators,2002,636,23,0.09526325532781016,60.58743038848726
SE,Excavators,2001,763,24,0.07730474044329971,58.98351695823768
SE,Excavators,2000,696,25,0.06217652402211629,43.27486071939294
SE,Generators,2025,838,0,1.0,838.0
SE,Generators,2024,828,1,0.9955654174830928,824.3281656760008
SE,Generators,2023,1044,2,0.9823793146181776,1025.6040044613774
SE,Generators,2022,967,3,0.9607894391523232,929.0833876602965
SE,Generators,2021,1004,4,0.931358402111352,935.0838357197974
SE,Generators,2020,1082,5,0.8948393168143698,968.2161407931482
SE,Generators,2019,1031,6,0.8521437889662113,878.5602464241639
SE,Generators,2018,1000,7,0.8043041560655723,804.3041560655722
SE,Generators,2017,1002,8,0.7524321560893033,753.9370204014818
SE,Generators,2016,902,9,0.697676326071031,629.30404611607
SE,Generators,2015,795,10,0.6411803884299546,509.73840880181393
SE,Generators,2014,954,11,0.5840446884413829,557.1786327730792
SE,Generators,2013,867,12,0.5272924240430485,457.1625316453231
SE,Generators,2012,943,13,0.47184199249207454,444.94699892002626
SE,Generators,2011,1117,14,0.4184863060425645,467.4492038495445
SE,Generators,2010,874,15,0.36787944117144233,321.5266315838406
SE,Generators,2009,806,16,0.32053052101554125,258.34759993852623
SE,Generators,2008,893,17,0.2768043211015564,247.18625874368985
SE,Generators,2007,898,18,0.23692775868212176,212.76112729654534
SE,Generators,2006,1042,19,0.2010011912257319,209.44324125721263
SE,Generators,2005,1001,20,0.1690133154060661,169.18232872147217
SE,Generators,2004,1090,21,0.14085842092104503,153.53567880393908
SE,Generators,2003,1043,22,0.1163548028087039,121.35805932947817
SE,Generators,2002,942,23,0.09526325532781016,89.73798651879717
SE,Generators,2001,1101,24,0.07730474044329971,85.11251922807298
SE,Generators,2000,848,25,0.06217652402211629,52.725692370754615
SE,Forklifts,2025,1472,0,1.0,1472.0
SE,Forklifts,2024,1446,1,0.9955654174830928,1439.5875936805521
SE,Forklifts,2023,1342,2,0.9823793146181776,1318.3530402175943
SE,Forklifts,2022,1126,3,0.9607894391523232,1081.848908485516
SE,Forklifts,2021,1476,4,0.931358402111352,1374.6850015163557
SE,Forklifts,2020,1381,5,0.8948393168143698,1235.7730965206447
SE,Forklifts,2019,1351,6,0.8521437889662113,1151.2462588933515
SE,Forklifts,2018,1218,7,0.8043041560655723,979.642462087867
SE,Forklifts,2017,1130,8,0.7524321560893033,850.2483363809126
SE,Forklifts,2016,1042,9,0.697676326071031,726.9787317660143
SE,Forklifts,2015,1443,10,0.6411803884299546,925.2233005044245
SE,Forklifts,2014,1221,11,0.5840446884413829,713.1185645869285
SE,Forklifts,2013,1095,12,0.5272924240430485,577.3852043271381
SE,Forklifts,2012,1146,13,0.47184199249207454,540.7309233959174
SE,Forklifts,2011,1282,14,0.4184863060425645,536.4994443465677
SE,Forklifts,2010,1082,15,0.36787944117144233,398.0455553475006
SE,Forklifts,2009,1420,16,0.32053052101554125,455.1533398420686
SE,Forklifts,2008,1371,17,0.2768043211015564,379.4987242302338
SE,Forklifts,2007,1352,18,0.23692775868212176,320.32632973822865
SE,Forklifts,2006,1209,19,0.2010011912257319,243.01044019190988
SE,Forklifts,2005,1306,20,0.1690133154060661,220.73138992032233
SE,Forklifts,2004,1285,21,0.14085842092104503,181.00307088354288
SE,Forklifts,2003,1317,22,0.1163548028087039,153.23927529906305
SE,Forklifts,2002,1036,23,0.09526325532781016,98.69273251961133
SE,Forklifts,2001,1201,24,0.07730474044329971,92.84299327240295
SE,Forklifts,2000,1015,25,0.06217652402211629,63.10917188244804
SE,Wheel loaders,2025,1499,0,1.0,1499.0
SE,Wheel loaders,2024,1502,1,0.9955654174830928,1495.3392570596054
SE,Wheel loaders,2023,1771,2,0.9823793146181776,1739.7937661887925
SE,Wheel loaders,2022,1550,3,0.9607894391523232,1489.223630686101
SE,Wheel loaders,2021,1491,4,0.931358402111352,1388.6553775480259
SE,Wheel loaders,2020,1367,5,0.8948393168143698,1223.2453460852435
SE,Wheel loaders,2019,1406,6,0.8521437889662113,1198.114167286493
SE,Wheel loaders,2018,1520,7,0.8043041560655723,1222.54231721967
SE,Wheel loaders,2017,1470,8,0.7524321560893033,1106.0752694512757
SE,Wheel loaders,2016,1219,9,0.697676326071031,850.4674414805868
SE,Wheel loaders,2015,1704,10,0.6411803884299546,1092.5713818846427
SE,Wheel loaders,2014,1746,11,0.5840446884413829,1019.7420260186545
SE,Wheel loaders,2013,1290,12,0.5272924240430485,680.2072270155327
SE,Wheel loaders,2012,1540,13,0.47184199249207454,726.6366684377948
SE,Wheel loaders,2011,1271,14,0.4184863060425645,531.8960949800994
SE,Wheel loaders,2010,1611,15,0.36787944117144233,592.6537797271936
SE,Wheel loaders,2009,1375,16,0.32053052101554125,440.7294663963692
SE,Wheel loaders,2008,1603,17,0.2768043211015564,443.7173267257949
SE,Wheel loaders,2007,1644,18,0.23692775868212176,389.5092352734082
SE,Wheel loaders,2006,1669,19,0.2010011912257319,335.47098815574657
SE,Wheel loaders,2005,1271,20,0.1690133154060661,214.81592388111
SE,Wheel loaders,2004,1758,21,0.14085842092104503,247.62910397919717
SE,Wheel loaders,2003,1345,22,0.1163548028087039,156.49720977770676
SE,Wheel loaders,2002,1228,23,0.09526325532781016,116.98327754255088
SE,Wheel loaders,2001,1540,24,0.07730474044329971,119.04930028268156
SE,Wheel loaders,2000,1429,25,0.06217652402211629,88.85025282760418
DE,Excavators,2025,1571,0,1.0,1571.0
DE,Excavators,2024,1367,1,0.9955654174830928,1360.937925699388
DE,Excavators,2023,1257,2,0.9823793146181776,1234.8507984750493
DE,Excavators,2022,1505,3,0.9607894391523232,1445.9881059242464
DE,Excavators,2021,1445,4,0.931358402111352,1345.8128910509035
DE,Excavators,2020,1289,5,0.8948393168143698,1153.4478793737226
DE,Excavators,2019,1137,6,0.8521437889662113,968.8874880545823
DE,Excavators,2018,1491,7,0.8043041560655723,1199.2174966937682
DE,Excavators,2017,1228,8,0.7524321560893033,923.9866876776643
DE,Excavators,2016,1594,9,0.697676326071031,1112.0960637572234
DE,Excavators,2015,1217,10,0.6411803884299546,780.3165327192547
DE,Excavators,2014,1152,11,0.5840446884413829,672.8194810844731
DE,Excavators,2013,1537,12,0.5272924240430485,810.4484557541656
DE,Excavators,2012,1169,13,0.47184199249207454,551.5832892232352
DE,Excavators,2011,1183,14,0.4184863060425645,495.0693000483538
DE,Excavators,2010,1411,15,0.36787944117144233,519.0778914929051
DE,Excavators,2009,1560,16,0.32053052101554125,500.02761278424435
DE,Excavators,2008,1192,17,0.2768043211015564,329.9507507530552
DE,Excavators,2007,1254,18,0.23692775868212176,297.1074093873807
DE,Excavators,2006,1508,19,0.2010011912257319,303.1097963684037
DE,Excavators,2005,1613,20,0.1690133154060661,272.6184777499846
DE,Excavators,2004,1358,21,0.14085842092104503,191.28573561077914
DE,Excavators,2003,1164,22,0.1163548028087039,135.43699046933133
DE,Excavators,2002,1093,23,0.09526325532781016,104.1227380732965
DE,Excavators,2001,1210,24,0.07730474044329971,93.53873593639265
DE,Excavators,2000,1157,25,0.06217652402211629,71.93823829358855
DE,Generators,2025,1700,0,1.0,1700.0
DE,Generators,2024,2175,1,0.9955654174830928,2165.3547830257266
DE,Generators,2023,1506,2,0.9823793146181776,1479.4632478149756
DE,Generators,2022,1900,3,0.9607894391523232,1825.499934389414
DE,Generators,2021,1959,4,0.931358402111352,1824.5311097361387
DE,Generators,2020,1566,5,0.8948393168143698,1401.318370131303
DE,Generators,2019,1592,6,0.8521437889662113,1356.6129120342084
DE,Generators,2018,1799,7,0.8043041560655723,1446.9431767619644
DE,Generators,2017,2206,8,0.7524321560893033,1659.865336333003
DE,Generators,2016,1931,9,0.697676326071031,1347.212985643161
DE,Generators,2015,2181,10,0.6411803884299546,1398.414427165731
DE,Generators,2014,2086,11,0.5840446884413829,1218.3172200887248
DE,Generators,2013,1835,12,0.5272924240430485,967.5815981189941
DE,Generators,2012,2071,13,0.47184199249207454,977.1847664510864
DE,Generators,2011,1501,14,0.4184863060425645,628.1479453698893
DE,Generators,2010,1569,15,0.36787944117144233,577.202843197993
DE,Generators,2009,2104,16,0.32053052101554125,674.3962162166988
DE,Generators,2008,2080,17,0.2768043211015564,575.7529878912374
DE,Generators,2007,1660,18,0.23692775868212176,393.30007941232213
DE,Generators,2006,1882,19,0.2010011912257319,378.28424188682743
DE,Generators,2005,1938,20,0.1690133154060661,327.5478052569561
DE,Generators,2004,2133,21,0.14085842092104503,300.45101182458905
DE,Generators,2003,1936,22,0.1163548028087039,225.26289823765075
DE,Generators,2002,1794,23,0.09526325532781016,170.90228005809143
DE,Generators,2001,1766,24,0.07730474044329971,136.52017162286728
DE,Generators,2000,1804,25,0.06217652402211629,112.1664493358978
DE,Forklifts,2025,2045,0,1.0,2045.0
DE,Forklifts,2024,2158,1,0.9955654174830928,2148.430170928514
DE,Forklifts,2023,2034,2,0.9823793146181776,1998.1595259333733
DE,Forklifts,2022,1998,3,0.9607894391523232,1919.6572994263418
DE,Forklifts,2021,1909,4,0.931358402111352,1777.963189630571
DE,Forklifts,2020,1941,5,0.8948393168143698,1736.8831139366919
DE,Forklifts,2019,2054,6,0.8521437889662113,1750.3033425365982
DE,Forklifts,2018,1940,7,0.8043041560655723,1560.3500627672101
DE,Forklifts,2017,2448,8,0.7524321560893033,1841.9539181066143
DE,Forklifts,2016,2532,9,0.697676326071031,1766.5164576118505
DE,Forklifts,2015,2261,10,0.6411803884299546,1449.7088582401275
DE,Forklifts,2014,2190,11,0.5840446884413829,1279.0578676866285
DE,Forklifts,2013,2366,12,0.5272924240430485,1247.5738752858529
DE,Forklifts,2012,2716,13,0.47184199249207454,1281.5228516084744
DE,Forklifts,2011,2693,14,0.4184863060425645,1126.9836221726262
DE,Forklifts,2010,1930,15,0.36787944117144233,710.0073214608838
DE,Forklifts,2009,2061,16,0.32053052101554125,660.6134038130305
DE,Forklifts,2008,2113,17,0.2768043211015564,584.8875304875886
DE,Forklifts,2007,2125,18,0.23692775868212176,503.4714871995088
DE,Forklifts,2006,2429,19,0.2010011912257319,488.2318934873028
DE,Forklifts,2005,2282,20,0.1690133154060661,385.68838575664284
DE,Forklifts,2004,1936,21,0.14085842092104503,272.70190290314315
DE,Forklifts,2003,2242,22,0.1163548028087039,260.8674678971141
DE,Forklifts,2002,2384,23,0.09526325532781016,227.10760070149942
DE,Forklifts,2001,1985,24,0.07730474044329971,153.44990977994993
DE,Forklifts,2000,2676,25,0.06217652402211629,166.3843782831832
DE,Wheel loaders,2025,2732,0,1.0,2732.0
DE,Wheel loaders,2024,3023,1,0.9955654174830928,3009.5942570513894
DE,Wheel loaders,2023,2596,2,0.9823793146181776,2550.256700748789
DE,Wheel loaders,2022,2451,3,0.9607894391523232,2354.894915362344
DE,Wheel loaders,2021,2838,4,0.931358402111352,2643.195145192017
DE,Wheel loaders,2020,2768,5,0.8948393168143698,2476.9152289421754
DE,Wheel loaders,2019,2557,6,0.8521437889662113,2178.9316683866023
DE,Wheel loaders,2018,2712,7,0.8043041560655723,2181.272871249832
DE,Wheel loaders,2017,2711,8,0.7524321560893033,2039.8435751581012
DE,Wheel loaders,2016,2666,9,0.697676326071031,1860.0050853053688
DE,Wheel loaders,2015,2726,10,0.6411803884299546,1747.8577388600563
DE,Wheel loaders,2014,3076,11,0.5840446884413829,1796.5214616456938
DE,Wheel loaders,2013,2631,12,0.5272924240430485,1387.3063676572608
DE,Wheel loaders,2012,3378,13,0.47184199249207454,1593.8822506382278
DE,Wheel loaders,2011,3340,14,0.4184863060425645,1397.7442621821654
DE,Wheel loaders,2010,2842,15,0.36787944117144233,1045.513371809239
DE,Wheel loaders,2009,2667,16,0.32053052101554125,854.8548995484485
DE,Wheel loaders,2008,2904,17,0.2768043211015564,803.8397484789198
DE,Wheel loaders,2007,3263,18,0.23692775868212176,773.0952765797633
DE,Wheel loaders,2006,3038,19,0.2010011912257319,610.6416189437736
DE,Wheel loaders,2005,3212,20,0.1690133154060661,542.8707690842843
DE,Wheel loaders,2004,2901,21,0.14085842092104503,408.63027909195165
DE,Wheel loaders,2003,3016,22,0.1163548028087039,350.92608527105097
DE,Wheel loaders,2002,2621,23,0.09526325532781016,249.68499221419043
DE,Wheel loaders,2001,3133,24,0.07730474044329971,242.195751808858
DE,Wheel loaders,2000,2523,25,0.06217652402211629,156.8713701077994
FR,Excavators,2025,2072,0,1.0,2072.0
FR,Excavators,2024,1676,1,0.9955654174830928,1668.5676397016634
FR,Excavators,2023,2093,2,0.9823793146181776,2056.1199054958456
FR,Excavators,2022,1737,3,0.9607894391523232,1668.8912558075854
FR,Excavators,2021,2052,4,0.931358402111352,1911.1474411324944
FR,Excavators,2020,2058,5,0.8948393168143698,1841.579314003973
FR,Excavators,2019,1973,6,0.8521437889662113,1681.279695630335
FR,Excavators,2018,2018,7,0.8043041560655723,1623.0857869403249
FR,Excavators,2017,2211,8,0.7524321560893033,1663.6274971134494
FR,Excavators,2016,2239,9,0.697676326071031,1562.0972940730385
FR,Excavators,2015,1994,10,0.6411803884299546,1278.5136945293295
FR,Excavators,2014,2080,11,0.5840446884413829,1214.8129519580764
FR,Excavators,2013,2345,12,0.5272924240430485,1236.5007343809489
FR,Excavators,2012,1696,13,0.47184199249207454,800.2440192665584
FR,Excavators,2011,1694,14,0.4184863060425645,708.9158024361043
FR,Excavators,2010,1670,15,0.36787944117144233,614.3586667563087
FR,Excavators,2009,2126,16,0.32053052101554125,681.4478876790407
FR,Excavators,2008,1935,17,0.2768043211015564,535.6163613315116
FR,Excavators,2007,2219,18,0.23692775868212176,525.7426965156282
FR,Excavators,2006,2137,19,0.2010011912257319,429.5395456493891
FR,Excavators,2005,1867,20,0.1690133154060661,315.5478598631254
FR,Excavators,2004,2319,21,0.14085842092104503,326.6506781159034
FR,Excavators,2003,2210,22,0.1163548028087039,257.14411420723565
FR,Excavators,2002,1816,23,0.09526325532781016,172.99807167530324
FR,Excavators,2001,1891,24,0.07730474044329971,146.18326417827976
FR,Excavators,2000,1852,25,0.06217652402211629,115.15092248895937
FR,Generators,2025,3124,0,1.0,3124.0
FR,Generators,2024,2890,1,0.9955654174830928,2877.184056526138
FR,Generators,2023,2326,2,0.9823793146181776,2285.014285801881
FR,Generators,2022,2837,3,0.9607894391523232,2725.759638875141
FR,Generators,2021,2944,4,0.931358402111352,2741.9191358158205
FR,Generators,2020,2205,5,0.8948393168143698,1973.1206935756854
FR,Generators,2019,2690,6,0.8521437889662113,2292.2667923191084
FR,Generators,2018,3097,7,0.8043041560655723,2490.9299713350774
FR,Generators,2017,2516,8,0.7524321560893033,1893.119304720687
FR,Generators,2016,2695,9,0.697676326071031,1880.2376987614286
FR,Generators,2015,2677,10,0.6411803884299546,1716.4398998269885
FR,Generators,2014,2523,11,0.5840446884413829,1473.544748937609
FR,Generators,2013,3199,12,0.5272924240430485,1686.8084645137124
FR,Generators,2012,3048,13,0.47184199249207454,1438.1743931158433
FR,Generators,2011,2313,14,0.4184863060425645,967.9588258764517
FR,Generators,2010,3285,15,0.36787944117144233,1208.4839642481882
FR,Generators,2009,3156,16,0.32053052101554125,1011.5943243250482
FR,Generators,2008,2503,17,0.2768043211015564,692.8412157171956
FR,Generators,2007,3109,18,0.23692775868212176,736.6084017427165
FR,Generators,2006,2309,19,0.2010011912257319,464.111750540215
FR,Generators,2005,3287,20,0.1690133154060661,555.5467677397393
FR,Generators,2004,2922,21,0.14085842092104503,411.5883059312936
FR,Generators,2003,2905,22,0.1163548028087039,338.01070215928485
FR,Generators,2002,2291,23,0.09526325532781016,218.24811795601306
FR,Generators,2001,3175,24,0.07730474044329971,245.4425509074766
FR,Generators,2000,2224,25,0.06217652402211629,138.28058942518663
FR,Forklifts,2025,4075,0,1.0,4075.0
FR,Forklifts,2024,3859,1,0.9955654174830928,3841.886946067255
FR,Forklifts,2023,3756,2,0.9823793146181776,3689.816705705875
FR,Forklifts,2022,3950,3,0.9607894391523232,3795.1182846516767
FR,Forklifts,2021,2840,4,0.931358402111352,2645.05786199624
FR,Forklifts,2020,3065,5,0.8948393168143698,2742.6825060360434
FR,Forklifts,2019,2958,6,0.8521437889662113,2520.641327762053
FR,Forklifts,2018,3486,7,0.8043041560655723,2803.804288044585
FR,Forklifts,2017,3821,8,0.7524321560893033,2875.043268417228
FR,Forklifts,2016,3661,9,0.697676326071031,2554.1930297460444
FR,Forklifts,2015,3969,10,0.6411803884299546,2544.8449616784897
FR,Forklifts,2014,3000,11,0.5840446884413829,1752.1340653241487
FR,Forklifts,2013,3807,12,0.5272924240430485,2007.4022583318858
FR,Forklifts,2012,3053,13,0.47184199249207454,1440.5336030783035
FR,Forklifts,2011,3161,14,0.4184863060425645,1322.8352134005463
FR,Forklifts,2010,3772,15,0.36787944117144233,1387.6412520986805
FR,Forklifts,2009,4148,16,0.32053052101554125,1329.560601172465
FR,Forklifts,2008,3635,17,0.2768043211015564,1006.1837072041575
FR,Forklifts,2007,2860,18,0.23692775868212176,677.6133898308683
FR,Forklifts,2006,3642,19,0.2010011912257319,732.0463384441156
FR,Forklifts,2005,2843,20,0.1690133154060661,480.5048556994459
FR,Forklifts,2004,4015,21,0.14085842092104503,565.5465599979958
FR,Forklifts,2003,3772,22,0.1163548028087039,438.89031619443114
FR,Forklifts,2002,3025,23,0.09526325532781016,288.17134736662575
FR,Forklifts,2001,2912,24,0.07730474044329971,225.11140417088876
FR,Forklifts,2000,3039,25,0.06217652402211629,188.95445650321142
FR,Wheel loaders,2025,4176,0,1.0,4176.0
FR,Wheel loaders,2024,3577,1,0.9955654174830928,3561.137498337023
FR,Wheel loaders,2023,3602,2,0.9823793146181776,3538.530291254676
FR,Wheel loaders,2022,3845,3,0.9607894391523232,3694.2353935406827
FR,Wheel loaders,2021,3890,4,0.931358402111352,3622.9841842131596
FR,Wheel loaders,2020,4098,5,0.8948393168143698,3667.0515203052873
FR,Wheel loaders,2019,4407,6,0.8521437889662113,3755.3976779740933
FR,Wheel loaders,2018,4447,7,0.8043041560655723,3576.7405820236
FR,Wheel loaders,2017,4071,8,0.7524321560893033,3063.1513074395534
FR,Wheel loaders,2016,4066,9,0.697676326071031,2836.7519418048123
FR,Wheel loaders,2015,3743,10,0.6411803884299546,2399.93819389332
FR,Wheel loaders,2014,4369,11,0.5840446884413829,2551.691243800402
FR,Wheel loaders,2013,3911,12,0.5272924240430485,2062.240670432363
FR,Wheel loaders,2012,3437,13,0.47184199249207454,1621.7209281952603
FR,Wheel loaders,2011,4082,14,0.4184863060425645,1708.2611012657483
FR,Wheel loaders,2010,4176,15,0.36787944117144233,1536.2645463319432
FR,Wheel loaders,2009,3757,16,0.32053052101554125,1204.2331674553884
FR,Wheel loaders,2008,4342,17,0.2768043211015564,1201.8843622229579
FR,Wheel loaders,2007,4331,18,0.23692775868212176,1026.1341228522695
FR,Wheel loaders,2006,4561,19,0.2010011912257319,916.7664331805632
FR,Wheel loaders,2005,4470,20,0.1690133154060661,755.4895198651154
FR,Wheel loaders,2004,4477,21,0.14085842092104503,630.6231504635186
FR,Wheel loaders,2003,3910,22,0.1163548028087039,454.9472789820323
FR,Wheel loaders,2002,4705,23,0.09526325532781016,448.2136163173468
FR,Wheel loaders,2001,4303,24,0.07730474044329971,332.64229812751864
FR,Wheel loaders,2000,4104,25,0.06217652402211629,255.17245458676527
PL,Excavators,2025,2468,0,1.0,2468.0
PL,Excavators,2024,2297,1,0.9955654174830928,2286.8137639586644
PL,Excavators,2023,2446,2,0.9823793146181776,2402.8998035560626
PL,Excavators,2022,2899,3,0.9607894391523232,2785.328584102585
PL,Excavators,2021,2130,4,0.931358402111352,1983.7933964971799
PL,Excavators,2020,2989,5,0.8948393168143698,2674.674717958151
PL,Excavators,2019,3020,6,0.8521437889662113,2573.474242677958
PL,Excavators,2018,2508,7,0.8043041560655723,2017.1948234124552
PL,Excavators,2017,2277,8,0.7524321560893033,1713.2880194153436
PL,Excavators,2016,2749,9,0.697676326071031,1917.9122203692643
PL,Excavators,2015,2241,10,0.6411803884299546,1436.8852504715283
PL,Excavators,2014,2500,11,0.5840446884413829,1460.1117211034573
PL,Excavators,2013,3127,12,0.5272924240430485,1648.843409982613
PL,Excavators,2012,3167,13,0.47184199249207454,1494.3235902224
PL,Excavators,2011,2931,14,0.4184863060425645,1226.5833630107566
PL,Excavators,2010,2443,15,0.36787944117144233,898.7294747818336
PL,Excavators,2009,2841,16,0.32053052101554125,910.6272102051527
PL,Excavators,2008,2860,17,0.2768043211015564,791.6603583504512
PL,Excavators,2007,2524,18,0.23692775868212176,598.0056629136753
PL,Excavators,2006,2792,19,0.2010011912257319,561.1953259022434
PL,Excavators,2005,2126,20,0.1690133154060661,359.3223085532965
PL,Excavators,2004,2335,21,0.14085842092104503,328.90441285064014
PL,Excavators,2003,2669,22,0.1163548028087039,310.55096869643074
PL,Excavators,2002,2287,23,0.09526325532781016,217.86706493470183
PL,Excavators,2001,2290,24,0.07730474044329971,177.02785561515634
PL,Excavators,2000,2998,25,0.06217652402211629,186.40521901830465
PL,Generators,2025,3234,0,1.0,3234.0
PL,Generators,2024,3320,1,0.9955654174830928,3305.277186043868
PL,Generators,2023,3607,2,0.9823793146181776,3543.4421878277667
PL,Generators,2022,3746,3,0.9607894391523232,3599.1172390646025
PL,Generators,2021,3611,4,0.931358402111352,3363.135190024092
PL,Generators,2020,3018,5,0.8948393168143698,2700.625058145768
PL,Generators,2019,3249,6,0.8521437889662113,2768.6151703512205
PL,Generators,2018,4118,7,0.8043041560655723,3312.1245146780266
PL,Generators,2017,3820,8,0.7524321560893033,2874.2908362611383
PL,Generators,2016,3837,9,0.697676326071031,2676.984063134546
PL,Generators,2015,3867,10,0.6411803884299546,2479.4445620586343
PL,Generators,2014,4001,11,0.5840446884413829,2336.762798453973
PL,Generators,2013,2981,12,0.5272924240430485,1571.8587160723278
PL,Generators,2012,3428,13,0.47184199249207454,1617.4743502628314
PL,Generators,2011,3678,14,0.4184863060425645,1539.1926336245522
PL,Generators,2010,3387,15,0.36787944117144233,1246.0076672476753
PL,Generators,2009,4120,16,0.32053052101554125,1320.58574658403
PL,Generators,2008,3595,17,0.2768043211015564,995.1115343600952
PL,Generators,2007,4010,18,0.23692775868212176,950.0803123153082
PL,Generators,2006,4131,19,0.2010011912257319,830.3359209534984
PL,Generators,2005,3628,20,0.1690133154060661,613.1803082932078
PL,Generators,2004,4214,21,0.14085842092104503,593.5773857612837
PL,Generators,2003,3747,22,0.1163548028087039,435.9814461242135
PL,Generators,2002,4128,23,0.09526325532781016,393.2467179932003
PL,Generators,2001,3390,24,0.07730474044329971,262.063070102786
PL,Generators,2000,3619,25,0.06217652402211629,225.01684043603885
PL,Forklifts,2025,4972,0,1.0,4972.0
PL,Forklifts,2024,4845,1,0.9955654174830928,4823.514447705585
PL,Forklifts,2023,5485,2,0.9823793146181776,5388.350540680704
PL,Forklifts,2022,4820,3,0.9607894391523232,4631.005096714198
PL,Forklifts,2021,4557,4,0.931358402111352,4244.200238421431
PL,Forklifts,2020,5079,5,0.8948393168143698,4544.888890100184
PL,Forklifts,2019,5340,6,0.8521437889662113,4550.447833079568
PL,Forklifts,2018,5005,7,0.8043041560655723,4025.5423011081893
PL,Forklifts,2017,5451,8,0.7524321560893033,4101.507682842792
PL,Forklifts,2016,5117,9,0.697676326071031,3570.0097605054657
PL,Forklifts,2015,5273,10,0.6411803884299546,3380.9441881911507
PL,Forklifts,2014,3889,11,0.5840446884413829,2271.3497933485382
PL,Forklifts,2013,5026,12,0.5272924240430485,2650.171723240362
PL,Forklifts,2012,4488,13,0.47184199249207454,2117.6268623044307
PL,Forklifts,2011,4696,14,0.4184863060425645,1965.2116931758828
PL,Forklifts,2010,4882,15,0.36787944117144233,1795.9874317989816
PL,Forklifts,2009,5463,16,0.32053052101554125,1751.0582363079018
PL,Forklifts,2008,5490,17,0.2768043211015564,1519.6557228475447
PL,Forklifts,2007,4209,18,0.23692775868212176,997.2289362930505
PL,Forklifts,2006,5029,19,0.2010011912257319,1010.8349906742058
PL,Forklifts,2005,5058,20,0.1690133154060661,854.8693493238823
PL,Forklifts,2004,4316,21,0.14085842092104503,607.9449446952303
PL,Forklifts,2003,3907,22,0.1163548028087039,454.5982145736061
PL,Forklifts,2002,3754,23,0.09526325532781016,357.6182605005993
PL,Forklifts,2001,5109,24,0.07730474044329971,394.94991892481823
PL,Forklifts,2000,4580,25,0.06217652402211629,284.7684800212926
PL,Wheel loaders,2025,6052,0,1.0,6052.0
PL,Wheel loaders,2024,6187,1,0.9955654174830928,6159.5632379678955
PL,Wheel loaders,2023,6392,2,0.9823793146181776,6279.368579039391
PL,Wheel loaders,2022,6110,3,0.9607894391523232,5870.423473220694
PL,Wheel loaders,2021,6248,4,0.931358402111352,5819.127296391727
PL,Wheel loaders,2020,4570,5,0.8948393168143698,4089.41567784167
PL,Wheel loaders,2019,4984,6,0.8521437889662113,4247.084644207597
PL,Wheel loaders,2018,5848,7,0.8043041560655723,4703.570704671467
PL,Wheel loaders,2017,6375,8,0.7524321560893033,4796.754995069308
PL,Wheel loaders,2016,4471,9,0.697676326071031,3119.3108538635797
PL,Wheel loaders,2015,5609,10,0.6411803884299546,3596.3807987036153
PL,Wheel loaders,2014,5972,11,0.5840446884413829,3487.9148793719387
PL,Wheel loaders,2013,4527,12,0.5272924240430485,2387.052803642881
PL,Wheel loaders,2012,5356,13,0.47184199249207454,2527.185711787551
PL,Wheel loaders,2011,6459,14,0.4184863060425645,2703.003050728924
PL,Wheel loaders,2010,5959,15,0.36787944117144233,2192.193589940625
PL,Wheel loaders,2009,4991,16,0.32053052101554125,1599.7678303885664
PL,Wheel loaders,2008,6363,17,0.2768043211015564,1761.3058951692033
PL,Wheel loaders,2007,5237,18,0.23692775868212176,1240.7906722182718
PL,Wheel loaders,2006,6365,19,0.2010011912257319,1279.3725821517835
PL,Wheel loaders,2005,5128,20,0.1690133154060661,866.7002814023069
PL,Wheel loaders,2004,5778,21,0.14085842092104503,813.8799560817981
PL,Wheel loaders,2003,5347,22,0.1163548028087039,622.1491306181398
PL,Wheel loaders,2002,5074,23,0.09526325532781016,483.36575753330874
PL,Wheel loaders,2001,6439,24,0.07730474044329971,497.76522371440683
PL,Wheel loaders,2000,4880,25,0.06217652402211629,303.4214372279275
GB,Excavators,2025,2717,0,1.0,2717.0
GB,Excavators,2024,2894,1,0.9955654174830928,2881.1663181960707
GB,Excavators,2023,2652,2,0.9823793146181776,2605.269942367407
GB,Excavators,2022,3224,3,0.9607894391523232,3097.5851518270897
GB,Excavators,2021,3463,4,0.931358402111352,3225.294146511612
GB,Excavators,2020,3080,5,0.8948393168143698,2756.105095788259
GB,Excavators,2019,3181,6,0.8521437889662113,2710.6693927015185
GB,Excavators,2018,3889,7,0.8043041560655723,3127.9388629390105
GB,Excavators,2017,3617,8,0.7524321560893033,2721.54710857501
GB,Excavators,2016,3339,9,0.697676326071031,2329.5412527511726
GB,Excavators,2015,3003,10,0.6411803884299546,1925.4647064551536
GB,Excavators,2014,3807,11,0.5840446884413829,2223.4581288963445
GB,Excavators,2013,2938,12,0.5272924240430485,1549.1851418384767
GB,Excavators,2012,3056,13,0.47184199249207454,1441.9491290557798
GB,Excavators,2011,3823,14,0.4184863060425645,1599.873148000724
GB,Excavators,2010,3325,15,0.36787944117144233,1223.1991418950458
GB,Excavators,2009,3604,16,0.32053052101554125,1155.1919977400107
GB,Excavators,2008,3405,17,0.2768043211015564,942.5187133507995
GB,Excavators,2007,3487,18,0.23692775868212176,826.1670945245586
GB,Excavators,2006,3022,19,0.2010011912257319,607.4255998841618
GB,Excavators,2005,2946,20,0.1690133154060661,497.9132271862707
GB,Excavators,2004,3052,21,0.14085842092104503,429.89990065102944
GB,Excavators,2003,2833,22,0.1163548028087039,329.63315635705817
GB,Excavators,2002,3778,23,0.09526325532781016,359.90457862846677
GB,Excavators,2001,3001,24,0.07730474044329971,231.99152607034245
GB,Excavators,2000,3367,25,0.06217652402211629,209.34835638246557
GB,Generators,2025,5329,0,1.0,5329.0
GB,Generators,2024,3787,1,0.9955654174830928,3770.2062360084724
GB,Generators,2023,3675,2,0.9823793146181776,3610.2439812218026
GB,Generators,2022,4044,3,0.9607894391523232,3885.4324919319947
GB,Generators,2021,3719,4,0.931358402111352,3463.7218974521184
GB,Generators,2020,4421,5,0.8948393168143698,3956.0846196363286
GB,Generators,2019,4530,6,0.8521437889662113,3860.2113640169373
GB,Generators,2018,4164,7,0.8043041560655723,3349.122505857043
GB,Generators,2017,3693,8,0.7524321560893033,2778.7319524377967
GB,Generators,2016,3802,9,0.697676326071031,2652.5653917220598
GB,Generators,2015,4293,10,0.6411803884299546,2752.587407529795
GB,Generators,2014,3710,11,0.5840446884413829,2166.8057941175307
GB,Generators,2013,4858,12,0.5272924240430485,2561.5865960011297
GB,Generators,2012,3974,13,0.47184199249207454,1875.1000781635041
GB,Generators,2011,4145,14,0.4184863060425645,1734.6257385464298
GB,Generators,2010,4311,15,0.36787944117144233,1585.928270890088
GB,Generators,2009,4351,16,0.32053052101554125,1394.62829693862
GB,Generators,2008,3604,17,0.2768043211015564,997.6027732500092
GB,Generators,2007,3803,18,0.23692775868212176,901.0362662681091
GB,Generators,2006,5155,19,0.2010011912257319,1036.161140768648
GB,Generators,2005,3603,20,0.1690133154060661,608.9549754080562
GB,Generators,2004,4516,21,0.14085842092104503,636.1166288794393
GB,Generators,2003,4483,22,0.1163548028087039,521.6185809914195
GB,Generators,2002,4201,23,0.09526325532781016,400.2009356321305
GB,Generators,2001,4378,24,0.07730474044329971,338.44015366076616
GB,Generators,2000,5007,25,0.06217652402211629,311.31785577873626
GB,Forklifts,2025,6675,0,1.0,6675.0
GB,Forklifts,2024,4595,1,0.9955654174830928,4574.6230933348115
GB,Forklifts,2023,5004,2,0.9823793146181776,4915.826090349361
GB,Forklifts,2022,4645,3,0.9607894391523232,4462.8669448625415
GB,Forklifts,2021,4827,4,0.931358402111352,4495.667006991496
GB,Forklifts,2020,5992,5,0.8948393168143698,5361.877186351704
GB,Forklifts,2019,5126,6,0.8521437889662113,4368.0890622408
GB,Forklifts,2018,5875,7,0.8043041560655723,4725.286916885237
GB,Forklifts,2017,5923,8,0.7524321560893033,4456.6556605169435
GB,Forklifts,2016,6516,9,0.697676326071031,4546.058940678839
GB,Forklifts,2015,4585,10,0.6411803884299546,2939.812080951342
GB,Forklifts,2014,6525,11,0.5840446884413829,3810.8915920800237
GB,Forklifts,2013,5990,12,0.5272924240430485,3158.4816200178607
GB,Forklifts,2012,4946,13,0.47184199249207454,2333.7304948658007
GB,Forklifts,2011,6341,14,0.4184863060425645,2653.621666615901
GB,Forklifts,2010,6530,15,0.36787944117144233,2402.2527508495186
GB,Forklifts,2009,5155,16,0.32053052101554125,1652.3348358351152
GB,Forklifts,2008,6675,17,0.2768043211015564,1847.6688433528889
GB,Forklifts,2007,5613,18,0.23692775868212176,1329.8755094827495
GB,Forklifts,2006,5954,19,0.2010011912257319,1196.7610925580077
GB,Forklifts,2005,6825,20,0.1690133154060661,1153.5158776464011
GB,Forklifts,2004,5400,21,0.14085842092104503,760.6354729736431
GB,Forklifts,2003,6433,22,0.1163548028087039,748.5104464683922
GB,Forklifts,2002,5302,23,0.09526325532781016,505.08577974804945
GB,Forklifts,2001,6401,24,0.07730474044329971,494.82764357756145
GB,Forklifts,2000,5948,25,0.06217652402211629,369.8259648835477
GB,Wheel loaders,2025,5945,0,1.0,5945.0
GB,Wheel loaders,2024,7468,1,0.9955654174830928,7434.882537763737
GB,Wheel loaders,2023,6026,2,0.9823793146181776,5919.817749889138
GB,Wheel loaders,2022,6953,3,0.9607894391523232,6680.368970426103
GB,Wheel loaders,2021,8297,4,0.931358402111352,7727.480662317887
GB,Wheel loaders,2020,5557,5,0.8948393168143698,4972.622083537453
GB,Wheel loaders,2019,5592,6,0.8521437889662113,4765.188067899054
GB,Wheel loaders,2018,8300,7,0.8043041560655723,6675.72449534425
GB,Wheel loaders,2017,7168,8,0.7524321560893033,5393.433694848126
GB,Wheel loaders,2016,5898,9,0.697676326071031,4114.894971166941
GB,Wheel loaders,2015,8035,10,0.6411803884299546,5151.884421034685
GB,Wheel loaders,2014,7988,11,0.5840446884413829,4665.3489712697665
GB,Wheel loaders,2013,7033,12,0.5272924240430485,3708.4476182947606
GB,Wheel loaders,2012,7271,13,0.47184199249207454,3430.763127409874
GB,Wheel loaders,2011,6304,14,0.4184863060425645,2638.1376732923263
GB,Wheel loaders,2010,5686,15,0.36787944117144233,2091.762502500821
GB,Wheel loaders,2009,7195,16,0.32053052101554125,2306.2170987068193
GB,Wheel loaders,2008,6364,17,0.2768043211015564,1761.582699490305
GB,Wheel loaders,2007,7387,18,0.23692775868212176,1750.1853533848334
GB,Wheel loaders,2006,7865,19,0.2010011912257319,1580.8743689903813
GB,Wheel loaders,2005,5597,20,0.1690133154060661,945.9675263277519
GB,Wheel loaders,2004,7198,21,0.14085842092104503,1013.8989137896821
GB,Wheel loaders,2003,6188,22,0.1163548028087039,720.0035197802597
GB,Wheel loaders,2002,7970,23,0.09526325532781016,759.248144962647
GB,Wheel loaders,2001,6250,24,0.07730474044329971,483.1546277706232
GB,Wheel loaders,2000,7240,25,0.06217652402211629,450.15803392012197
US,Excavators,2025,3764,0,1.0,3764.0
US,Excavators,2024,4215,1,0.9955654174830928,4196.308234691236
US,Excavators,2023,3378,2,0.9823793146181776,3318.477324780204
US,Excavators,2022,4654,3,0.9607894391523232,4471.514049814912
US,Excavators,2021,3423,4,0.931358402111352,3188.039810427158
US,Excavators,2020,3456,5,0.8948393168143698,3092.564678910462
US,Excavators,2019,4493,6,0.8521437889662113,3828.6820438251875
US,Excavators,2018,4577,7,0.8043041560655723,3681.300122312124
US,Excavators,2017,3476,8,0.7524321560893033,2615.4541745664183
US,Excavators,2016,3881,9,0.697676326071031,2707.6818214816712
US,Excavators,2015,4295,10,0.6411803884299546,2753.8697683066553
US,Excavators,2014,4523,11,0.5840446884413829,2641.6341258203747
US,Excavators,2013,3739,12,0.5272924240430485,1971.5463734969585
US,Excavators,2012,3955,13,0.47184199249207454,1866.1350803061548
US,Excavators,2011,4308,14,0.4184863060425645,1802.8390064313678
US,Excavators,2010,4292,15,0.36787944117144233,1578.9385615078304
US,Excavators,2009,4373,16,0.32053052101554125,1401.6799684009618
US,Excavators,2008,4038,17,0.2768043211015564,1117.7358486080848
US,Excavators,2007,3307,18,0.23692775868212176,783.5200979617766
US,Excavators,2006,4563,19,0.2010011912257319,917.1684355630147
US,Excavators,2005,4503,20,0.1690133154060661,761.0669592735156
US,Excavators,2004,4397,21,0.14085842092104503,619.354476789835
US,Excavators,2003,3300,22,0.1163548028087039,383.9708492687229
US,Excavators,2002,3464,23,0.09526325532781016,329.9919164555344
US,Excavators,2001,4311,24,0.07730474044329971,333.26073605106507
US,Excavators,2000,3179,25,0.06217652402211629,197.65916986630768
US,Generators,2025,4588,0,1.0,4588.0
US,Generators,2024,4656,1,0.9955654174830928,4635.35258380128
US,Generators,2023,5779,2,0.9823793146181776,5677.170059178448
US,Generators,2022,5037,3,0.9607894391523232,4839.496405010252
US,Generators,2021,6361,4,0.931358402111352,5924.37079583031
US,Generators,2020,4830,5,0.8948393168143698,4322.073900213406
US,Generators,2019,4519,6,0.8521437889662113,3850.837782338309
US,Generators,2018,5928,7,0.8043041560655723,4767.915037156712
US,Generators,2017,6202,8,0.7524321560893033,4666.5842320658585
US,Generators,2016,4904,9,0.697676326071031,3421.404703052336
US,Generators,2015,4741,10,0.6411803884299546,3039.836221546415
US,Generators,2014,4706,11,0.5840446884413829,2748.514303805148
US,Generators,2013,5430,12,0.5272924240430485,2863.1978625537536
US,Generators,2012,5314,13,0.47184199249207454,2507.3683481028843
US,Generators,2011,4864,14,0.4184863060425645,2035.5173925910337
US,Generators,2010,4403,15,0.36787944117144233,1619.7731794778606
US,Generators,2009,5342,16,0.32053052101554125,1712.2740432650214
US,Generators,2008,6371,17,0.2768043211015564,1763.5203297380158
US,Generators,2007,5710,18,0.23692775868212176,1352.8575020749154
US,Generators,2006,5372,19,0.2010011912257319,1079.7783992646318
US,Generators,2005,4544,20,0.1690133154060661,767.9965052051643
US,Generators,2004,4849,21,0.14085842092104503,683.0224830461474
US,Generators,2003,4940,22,0.1163548028087039,574.7927258749972
US,Generators,2002,5952,23,0.09526325532781016,567.006895711126
US,Generators,2001,6193,24,0.07730474044329971,478.7482575653551
US,Generators,2000,6247,25,0.06217652402211629,388.4167455661605
US,Forklifts,2025,7066,0,1.0,7066.0
US,Forklifts,2024,7479,1,0.9955654174830928,7445.833757356051
US,Forklifts,2023,6278,2,0.9823793146181776,6167.377337172919
US,Forklifts,2022,6484,3,0.9607894391523232,6229.758723463663
US,Forklifts,2021,6576,4,0.931358402111352,6124.612852284251
US,Forklifts,2020,7547,5,0.8948393168143698,6753.352323998049
US,Forklifts,2019,7580,6,0.8521437889662113,6459.249920363882
US,Forklifts,2018,6034,7,0.8043041560655723,4853.171277699663
US,Forklifts,2017,8043,8,0.7524321560893033,6051.811831426266
US,Forklifts,2016,5798,9,0.697676326071031,4045.127338559838
US,Forklifts,2015,7919,10,0.6411803884299546,5077.507495976811
US,Forklifts,2014,5743,11,0.5840446884413829,3354.168645718862
US,Forklifts,2013,6192,12,0.5272924240430485,3264.9946896745564
US,Forklifts,2012,7783,13,0.47184199249207454,3672.346227565816
US,Forklifts,2011,5959,14,0.4184863060425645,2493.759897707642
US,Forklifts,2010,6599,15,0.36787944117144233,2427.636432290348
US,Forklifts,2009,6699,16,0.32053052101554125,2147.2339602831107
US,Forklifts,2008,6139,17,0.2768043211015564,1699.3017272424547
US,Forklifts,2007,7411,18,0.23692775868212176,1755.8716195932043
US,Forklifts,2006,7796,19,0.2010011912257319,1567.005286795806
US,Forklifts,2005,7860,20,0.1690133154060661,1328.4446590916796
US,Forklifts,2004,6396,21,0.14085842092104503,900.9304602110041
US,Forklifts,2003,6920,22,0.1163548028087039,805.175235436231
US,Forklifts,2002,6148,23,0.09526325532781016,585.6784937553768
US,Forklifts,2001,6138,24,0.07730474044329971,474.49649684097363
US,Forklifts,2000,5909,25,0.06217652402211629,367.40108044668517
US,Wheel loaders,2025,7320,0,1.0,7320.0
US,Wheel loaders,2024,7471,1,0.9955654174830928,7437.869234016186
US,Wheel loaders,2023,6731,2,0.9823793146181776,6612.395166694953
US,Wheel loaders,2022,7026,3,0.9607894391523232,6750.5065994842225
US,Wheel loaders,2021,9671,4,0.931358402111352,9007.167106818886
US,Wheel loaders,2020,7698,5,0.8948393168143698,6888.473060837018
US,Wheel loaders,2019,8648,6,0.8521437889662113,7369.339486979796
US,Wheel loaders,2018,8173,7,0.8043041560655723,6573.577867523922
US,Wheel loaders,2017,7959,8,0.7524321560893033,5988.6075303147645
US,Wheel loaders,2016,8395,9,0.697676326071031,5856.992757366305
US,Wheel loaders,2015,7252,10,0.6411803884299546,4649.840176894031
US,Wheel loaders,2014,9909,11,0.5840446884413829,5787.298817765663
US,Wheel loaders,2013,9345,12,0.5272924240430485,4927.547702682288
US,Wheel loaders,2012,9090,13,0.47184199249207454,4289.043711752957
US,Wheel loaders,2011,8186,14,0.4184863060425645,3425.728901264433
US,Wheel loaders,2010,7138,15,0.36787944117144233,2625.9234510817555
US,Wheel loaders,2009,9684,16,0.32053052101554125,3104.0175655145013
US,Wheel loaders,2008,7763,17,0.2768043211015564,2148.831944711382
US,Wheel loaders,2007,6798,18,0.23692775868212176,1610.6349035210637
US,Wheel loaders,2006,7767,19,0.2010011912257319,1561.1762522502597
US,Wheel loaders,2005,9266,20,0.1690133154060661,1566.0773805526085
US,Wheel loaders,2004,8696,21,0.14085842092104503,1224.9048283294076
US,Wheel loaders,2003,9121,22,0.1163548028087039,1061.2721564181884
US,Wheel loaders,2002,9263,23,0.09526325532781016,882.4235341015055
US,Wheel loaders,2001,7334,24,0.07730474044329971,566.9529664111601
US,Wheel loaders,2000,9694,25,0.06217652402211629,602.7392238703953
